x,60026
account,8412
ebay,6811
paypal,3659
email,3528
pleas,3301
bank,3274
inform,2630
messag,2428
secur,2139
updat,2074
access,2068
item,1856
servic,1807
polici,1763
member,1745
protect,1739
custom,1659
sent,1607
thank,1512
onlin,1495
may,1397
question,1381
click,1373
use,1324
user,1286
dear,1259
link,1214
address,1203
us,1173
confirm,1163
limit,1141
agreement,1117
client,1107
help,1107
respond,1101
right,1067
notif,1035
receiv,1034
privaci,1015
busi,1012
includ,966
trademark,963
complet,920
notic,873
mail,869
log,841
chang,832
regist,828
activ,822
follow,819
inc,792
learn,771
form,767
id,742
request,736
nation,732
record,705
commun,685
need,671
respons,664
number,660
transact,657
would,652
one,651
corpor,651
region,649
choos,623
repli,622
citi,618
verifi,617
like,615
recent,612
review,603
suspend,592
system,586
requir,582
visit,578
tr,578
reserv,576
list,567
time,561
td,551
provid,548
new,546
de,540
prefer,540
detail,535
locat,533
team,531
card,523
work,518
credit,512
person,510
ensur,506
report,501
copyright,498
measur,497
offer,484
verif,480
end,473
fraud,464
procedur,463
understand,460
©,456
restor,456
password,451
inconveni,451
bill,450
depart,443
make,438
take,436
text,434
go,433
assist,433
america,430
third,429
payment,426
support,424
contact,424
send,418
directli,418
behalf,410
brand,409
apolog,408
page,408
ident,407
see,407
respect,402
properti,395
marketplac,390
process,387
hex,386
safe,375
order,374
file,372
result,372
violat,370
start,367
pp,366
spoof,366
attent,363
accord,363
safeti,361
attempt,358
continu,357
issu,350
logo,349
look,348
name,345
import,342
site,342
due,342
problem,338
select,335
commit,333
part,331
reason,331
possibl,330
fake,327
la,327
unusu,325
amazon,325
tip,324
period,322
trade,319
type,319
hyperlink,317
read,315
tabl,315
also,314
safer,313
matter,312
regard,312
well,306
buy,306
state,305
way,304
obligatori,304
fraudul,303
without,300
gener,299
suspens,295
ask,294
answer,290
e,290
autom,282
login,276
date,275
show,275
pay,274
�,272
unauthor,272
addit,272
ca,272
format,272
never,269
could,267
case,266
close,265
p,264
get,263
soon,263
anoth,263
unit,262
caus,261
law,261
money,261
day,259
jose,259
websit,258
buyer,255
san,255
technic,252
union,250
forward,249
capit,249
center,248
n,247
rememb,247
origin,246
design,245
regularli,244
hour,244
manag,244
come,244
step,241
action,239
avenu,235
remain,234
unsaf,233
hamilton,232
sure,230
serv,230
owner,226
seller,226
parti,226
west,226
rc,225
dont,224
note,224
creat,222
know,220
sincer,219
posit,219
profil,219
made,218
revis,217
font,215
widthd,214
inappropri,213
url,213
api,213
temporari,212
rev,212
howev,211
feedback,210
fifth,210
root,209
exe,209
alway,208
sensit,206
screen,206
reserveddesign,206
media,204
powersel,203
must,202
featur,201
chase,201
bbt,201
immedi,200
outsid,200
dec,200
common,200
via,199
defin,199
interfac,196
resolv,195
engin,195
holder,194
sell,193
within,192
win,192
px,192
die,191
stack,191
sourc,190
believ,189
width,189
failur,188
compromis,187
cv,187
want,186
ownersebay,186
function,185
internet,184
concern,183
place,180
html,179
fargo,178
sign,177
intern,177
tmp,177
author,176
xx,174
maintain,173
platform,173
enter,172
full,172
fdic,172
allow,167
valu,166
prompt,166
open,165
ignor,164
financi,164
interact,163
alert,161
outlin,160
web,160
ip,160
give,159
pdt,159
der,158
upgrad,158
investig,157
restrict,157
program,156
lo,154
next,153
initi,153
tbodi,153
identifi,152
primari,152
c,152
check,151
tri,150
free,150
run,150
necessari,150
normal,149
theft,147
base,147
cuenta,147
incebay,146
youebay,144
wwwebaycom,144
fund,143
fork,143
minut,142
error,141
bid,141
north,141
enhanc,140
top,140
togeth,140
collect,139
del,139
httppagesebaycomhelppoliciesprivacypolicyhtmlus,139
instruct,138
su,138
leav,137
monitor,136
said,135
futur,134
interrupt,134
instead,134
ad,134
current,133
might,133
document,132
disput,132
patienc,131
termin,130
fee,130
citizen,130
world,128
relat,127
plain,127
experi,127
subject,127
es,126
warn,126
advanc,125
prevent,125
chanc,125
fontfamili,125
el,124
heightd,124
enforc,123
session,123
r,123
cellpaddingd,122
let,121
perform,120
temporarili,120
paypala,120
borderd,120
cellspacingd,120
bluebellvu,120
view,119
remov,119
last,119
potenti,119
encourag,118
mailbox,118
integr,117
corner,116
hous,115
feder,114
phone,114
paypal�,114
server,114
appear,114
fill,113
mainten,113
best,113
direct,113
back,113
servicerepli,113
purchas,112
von,111
meant,110
appreci,110
verdana,110
code,109
usd,109
still,108
associ,108
sie,108
w,108
urgent,108
remind,107
second,107
transfer,106
submit,105
purpos,105
choic,105
authent,105
unpaid,105
survey,105
andor,104
footer,104
nb,104
data,104
keep,103
charter,103
sinc,103
legal,102
first,102
notifi,102
intend,101
amazoncom,101
visa,100
resolut,99
inquiri,99
button,99
extend,98
unabl,98
foreign,98
usa,97
asap,97
awar,96
travel,96
th,96
para,96
equal,95
na,95
section,95
ship,95
una,95
trust,94
flag,94
lender,93
hand,93
que,93
ust,93
find,92
avoid,92
info,92
renew,92
track,92
lock,92
height,92
bancaria,92
real,91
anyon,91
se,91
im,91
good,91
reduc,90
automat,90
block,90
paul,90
untitl,89
accept,89
br,89
someon,89
charg,88
ein,88
con,88
strongli,87
offici,87
local,87
border,87
paypal®,87
becom,86
anni,86
facedari,86
delet,85
sale,84
httpwwwebaycom,84
httppagesebaycomhelppoliciesuseragreementhtmlcopyright,84
care,83
quickli,83
recommend,83
da,83
least,83
done,83
put,83
den,82
z,82
treasuri,82
therefor,81
instanc,81
f,81
stolen,81
color,81
httppagesebaycomeducationspooftutori,81
deposit,80
western,80
en,80
bellow,79
employe,79
repres,79
statu,79
httpsessionnationalcitycomcorporateonlineservicestreasurymgmt,79
abl,78
cooper,78
co,78
di,78
httppagesebaycomhelppoliciesuseragreementhtml,78
messid,78
onwwwebaycom,78
agre,77
employ,77
avail,77
call,77
liabil,77
schedul,76
easi,76
h,76
two,76
invalid,76
lost,76
checklist,76
mar,76
httppagesebaycomeducationspooftutorialthi,76
closur,75
method,75
si,75
cellpad,75
advis,74
environ,74
join,74
mani,74
browser,74
b,74
youv,74
und,73
expir,73
indefinit,73
think,73
mutual,73
antifraud,72
nbsp,72
cover,72
httpcgiebaycomwsebayisapidllviewitemitemsspagenameadmebaaqu,72
better,71
oneself,71
membership,71
abil,71
per,71
al,71
commerci,71
letter,71
save,70
cellspac,70
tdimg,70
differ,69
level,69
success,69
reach,68
feel,68
sender,68
benefit,68
detect,68
cash,68
suntrust,68
pin,67
un,67
zu,67
registr,66
wir,66
refer,66
prohibit,66
option,66
ill,66
commonwealth,66
oper,65
constantli,65
paid,65
httpinteractsessionregionscomibsregionscmserveriformcfm,65
por,65
agenc,64
bsp,64
mark,64
august,64
jan,64
compani,63
u,63
year,63
img,63
prosecut,62
privat,62
histori,62
nt,62
esta,62
spgif,62
solid,61
intent,61
k,61
group,61
forc,61
pr,61
even,61
nuestra,61
rate,60
extent,60
administr,59
product,59
today,59
g,59
loss,59
titl,59
taken,59
pnc,59
httppagesebaycomhelppoliciesprivacypolicyhtml,59
dato,59
bkroad,59
perpetr,58
st,58
network,58
special,58
owe,58
tdfont,58
barclay,58
reward,58
decid,58
washington,58
targetdblank,58
deactiv,57
eg,57
l,57
suspici,57
left,57
term,56
insur,56
improv,56
sep,56
tell,56
much,56
eba,56
mean,55
accounta,55
regret,55
tradei,55
rd,55
httpswwwpaypalcomcgibinwebscrcmdloginrun,54
ssl,54
hi,54
wire,54
return,54
ccf,54
box,53
final,53
instant,53
wait,53
gp,53
yosdud,53
high,52
cancel,52
refund,52
explor,52
silver,52
refus,52
entir,52
tko,52
septemb,52
size,52
v,52
car,52
nuestro,52
trabajo,52
databas,51
specif,51
withdraw,51
amount,51
social,51
host,51
businesscorpor,51
verdanaarialhelveticasansserif,51
expand,50
share,50
copi,50
either,50
youll,50
span,50
turn,50
banco,50
carta,50
fullest,49
balanc,49
netscap,49
softwar,49
sorri,49
begin,49
gb,49
regular,48
didnt,48
determin,48
ncua,48
userexamplecom,48
head,48
bodi,48
ye,48
lead,48
came,48
act,48
littl,48
situat,47
encrypt,47
unlock,47
man,47
congratul,47
confidenti,47
accur,47
got,47
someth,47
releas,47
long,47
le,47
verdanaarialhelveticasansseriffonts,47
key,46
everi,46
your,46
suspect,46
slight,46
sistema,46
strike,46
kindli,46
bay,46
face,46
quantiti,46
week,45
hope,45
past,45
extern,45
bit,45
departa,45
policiesprivaci,45
simpli,45
moneygram,45
pt,45
tien,45
styledfonts,45
suzuki,45
atv,45
interest,44
reactiv,44
control,44
ist,44
ce,44
faceverdana,44
around,44
blue,44
thought,44
sincemay,44
nuevo,44
quadsport,44
statement,43
haben,43
fast,43
hello,43
happen,43
door,43
dell,43
apr,43
indic,42
move,42
total,42
home,42
write,42
cardbank,42
shop,42
line,42
descript,42
kin,42
pain,42
pase,42
rout,41
increas,41
assur,41
aug,41
processor,41
claim,41
wish,41
moment,41
cart,41
style,41
technolog,40
auction,40
httpswwwpaypalcomu,40
temporali,40
inabl,40
combat,40
store,40
locationnc,40
barett,40
capacidad,40
eventu,39
maximum,39
involv,39
sehr,39
deutsch,39
oblig,39
chois,39
inquir,39
paypalth,39
oct,39
away,39
seem,39
sin,39
valigndtop,39
iraq,39
etan,39
condit,38
invit,38
icon,38
misappropri,38
ou,38
easili,38
reliev,38
wrong,38
er,38
peopl,38
felt,38
saw,38
gave,38
australia,38
applic,37
abus,37
deal,37
enabl,37
appropri,37
burn,37
quick,37
servicio,37
previou,36
privileg,36
unfortun,36
discuss,36
assign,36
il,36
rent,36
randomli,36
nearest,36
assum,36
famili,36
content,36
pass,36
nationwid,36
zur,35
hard,35
seri,35
merchant,35
affili,35
safeguard,35
central,35
tutori,35
oh,35
watch,35
tommyquang,35
nowrap,35
pxcolor,35
thu,34
valid,34
comput,34
earnestli,34
fcu,34
dies,34
pageto,34
month,34
unconfirm,34
wed,34
sun,34
jpmorgan,34
q,34
uniqu,34
important,34
referencia,34
alreadi,33
field,33
late,33
treat,33
ur,33
thi,33
side,33
safeharbor,33
ie,33
download,33
monday,33
plan,33
room,33
price,33
lose,33
anonym,33
fell,33
kill,33
eye,33
thread,33
yo,33
srcdhttppicsebaystaticcomawpicssgif,33
estimado,33
posibl,33
contain,32
opportun,32
ihr,32
mit,32
agreedupon,32
extra,32
american,32
nur,32
für,32
miss,32
mandatori,32
until,32
mind,32
dead,32
held,32
wont,32
life,32
februari,32
midamerica,32
race,32
pile,32
leer,32
sa,32
longer,31
httpwwwpaypalcomcgibinwebscrcmdpgenuapolicyprivacyoutsid,31
rank,31
utmost,31
pa,31
reflect,31
hr,31
discov,31
faceari,31
div,31
passthrough,31
header,31
thing,31
big,31
yet,31
languag,31
march,31
port,31
realli,31
say,31
grate,31
multipl,30
militari,30
kunden,30
wird,30
modifi,30
sky,30
risk,30
highli,30
knew,30
readi,30
set,30
went,30
mr,30
old,30
spare,30
athttppagesebaycomeducationspooftutori,30
manner,29
power,29
none,29
ion,29
board,29
