cuenta,8412
ebay,6811
paypal,3659
email,3528
por favor,3301
banco,3274
informar,2630
mensaje,2428
seguro,2139
actualizar,2074
acceso,2068
articulo,1856
servicio,1807
politica,1763
miembro,1745
proteger,1739
costumbre,1659
enviado,1607
agradecer,1512
en linea,1495
puede,1397
pregunta,1381
hacer clic,1373
usar,1324
usuario,1286
estimado,1259
enlace,1214
direccion,1203
us,1173
confirmar,1163
limite,1141
acuerdo,1117
cliente,1107
ayuda,1107
responder,1101
bien,1067
notificacion,1035
recibir,1034
privacidad,1015
negocio,1012
incluir,966
marca comercial,963
completo,920
aviso,873
correo,869
registro,841
cambiar,832
registro,828
activo,822
seguir,819
inc,792
aprender,771
forma,767
identificacion,742
pedido,736
nacion,732
registro,705
comunidad,685
necesidad,671
respuesta,664
numero,660
tramitar,657
uno,651
corporacion,651
region,649
elegir,623
respondio,622
citi,618
verificado,617
como,615
reciente,612
revisar,603
suspendido,592
sistema,586
requerir,582
visita,578
reservar,576
lista,567
tiempo,561
proporcionar,548
nuevo,546
preferencias,540
detalle,535
localizar,533
equipo,531
tarjeta,523
trabajar,518
credito,512
persona,510
asegurar,506
informe,501
copyright,498
medida,497
oferta,484
verificar,480
fin,473
fraude,464
procedimiento,463
entender,460
restaurar,456
password,451
inconveniencia,451
factura,450
salir,443
hacer,438
llevar,436
texto,434
ir,433
asistir,433
america,430
tercero,429
pago,426
apoyo,424
contacto,424
enviar,418
directamente,418
beneficio,410
marca,409
disculparse,408
pagina,408
identificador,407
ver,407
respeto,402
propiedad,395
mercado,390
proceso,387
maleficio,386
seguro,375
orden,374
archivo,372
resultado,372
violacion,370
comenzar,367
spoofing,366
atento,363
acuerdo,363
seguridad,361
intentar,358
continuar,357
asunto,350
logo,349
mirar,348
nombre,345
importar,342
sitio,342
pendiente,342
problema,338
seleccionar,335
comprometerse,333
parte,331
razon,331
posible,330
falso,327
inusual,325
amazon,325
consejo,324
periodo,322
comercio,319
tipo,319
hyperlink,317
leer,315
mesa,315
tambien,314
seguro,313
asunto,312
respecto,312
bueno,306
comprar,306
estado,305
forma,304
obligatorio,304
fraudulento,303
sin,300
genero,299
suspenso,295
preguntar,294
respuesta,290
automatizacion,282
acceso,276
fecha,275
espectaculo,275
pagar,274
autorizado,272
agregar,272
formato,272
nunca,269
podria,267
caso,266
cerca,265
conseguir,263
pronto,263
otro,263
unidad,262
causa,261
ley,261
dinero,261
dia,259
sitio web,258
comprador,255
tecnico,252
union,250
adelante,249
capital,249
centro,248
recordar,247
origen,246
diseÒo,245
regularmente,244
hora,244
administrar,244
venir,244
paso,241
accion,239
avenida,235
permanecer,234
inseguro,233
seguro,230
atender,230
due√±o,226
vendedor,226
fiesta,226
oeste,226
no,224
nota,224
crear,222
saber,220
sincero,219
positivo,219
perfil,219
hecho,218
revisar,217
fuente,215
inadecuado,213
url,213
api,213
temporalmente,212
revisar,212
sin embargo,211
comentario,210
quinto,210
raiz,209
exe,209
siempre,208
sensible,206
pantalla,206
dise√±o reservado,206
media,204
debe,202
caracteristica,201
perseguir,201
inmediatamente,200
afuera,200
comun,200
a traves de,199
definir,199
interfaz,196
resolver,195
motor,195
poseedor,194
vender,193
dentro,192
ganar,192
pixeles,192
morir,191
pila,191
fuente,190
creer,189
ancho,189
falla,188
compromiso,187
cv,187
desear,186
funcion,185
Internet,184
inquietud,183
lugar,180
html,179
fargo,178
firmar,177
interno,177
autor,176
mantener,173
plataforma,173
ingresar,172
lleno,172
permitir,167
valor,166
inmediato,166
abierto,165
ignorar,164
financiar,164
interactuar,163
alerta,161
describir,160
web,160
ip,160
dar,159
mejora,158
investigar,157
restringir,157
programa,156
proximo,153
inicial,153
primario,152
controlar,151
trio,150
gratis,150
correr,150
necesarios,150
normal,149
robo,147
base,147
cuenta,147
www.ebay.com,144
fondo,143
tenedor,143
minuto,142
error,141
licitacion,141
norte,141
mejorar,140
arriba,140
juntos,140
recolectar,139
instruir,138
dejar,137
monitor,136
dicho,135
futuro,134
interrumpir,134
en cambio,134
agregar,134
actual,133
podria,133
documento,132
disputar,132
paciencia,131
terminar,130
sentir,130
ciudadano,130
mundo,128
relatar,127
plano,127
experiencia,127
sujeto,127
es,126
advertir,126
avance,125
prevenir,125
oportunidad,125
alturas,124
hacer cumplir,123
dejar,121
llevar a cabo,120
temporalidad,120
paypal,120
bordeado,120
vista,119
eliminar,119
ultimo,119
potencial,119
alentar,118
buzon,118
integrar,117
esquina,116
casa,115
federal,114
telefono,114
paypal,114
servidor,114
aparecer,114
llenar,113
mantenimiento,113
mejor,113
directo,113
atras,113
servicio,113
compra,112
agradecer,110
verdana,110
codigo,109
usd,109
asociado,108
urgente,108
recordar,107
segundo,107
transferir,106
entregar,105
objetivo,105
eleccion,105
autentico,105
no pagado,105
encuesta,105
pie de pagina,104
datos,104
mantener,103
carta,103
sinc,103
legal,102
primero,102
pretender,101
amazon,101
visa,100
